key,vin,vehicle_id,stock,year,model,trim,state_of_vehicle,age_days,sale_price_usd,discount_usd,url,image_url,first_seen_utc
KMHLL4DG6SU093231,KMHLL4DG6SU093231,KMHLL4DG6SU093231,H7307,2025,Elantra,SE,NEW,1,20201.0,3839.0,https://www.clarkhyundai.com/new/Hyundai/2025-Hyundai-Elantra-3d6f914cac182a0dbd9c040a05bee987.htm,https://assets.cai-media-management.com/resize/640x640/common-vehicle-media/e2efb063-c2ed-47ee-8d75-555674af94e1.jpg,2026-01-03T22:22:40.909788+00:00
KMHLM4DG4SU073010,KMHLM4DG4SU073010,KMHLM4DG4SU073010,H7273,2025,Elantra,SEL Sport,NEW,1,21032.0,4103.0,https://www.clarkhyundai.com/new/Hyundai/2025-Hyundai-Elantra-b789316eac18262dfde24119a5b73cc7.htm,https://assets.cai-media-management.com/resize/640x640/common-vehicle-media/d30f1bdc-c56d-4758-9b8b-849651d4fcce.jpg,2026-01-03T22:22:40.909788+00:00
KMHLM4DG4SU090678,KMHLM4DG4SU090678,KMHLM4DG4SU090678,H7299,2025,Elantra,SEL Sport,NEW,1,21006.0,4099.0,https://www.clarkhyundai.com/new/Hyundai/2025-Hyundai-Elantra-3d6f8c77ac182acca33254050ec6c0bb.htm,https://assets.cai-media-management.com/resize/640x640/common-vehicle-media/4f625b7e-47ae-4525-8f91-12eb2fc93bdf.jpg,2026-01-03T22:22:40.909788+00:00
KMHLM4DG8SU090067,KMHLM4DG8SU090067,KMHLM4DG8SU090067,H7300,2025,Elantra,SEL Sport,NEW,1,21501.0,4119.0,https://www.clarkhyundai.com/new/Hyundai/2025-Hyundai-Elantra-fa7ca94cac182cddb86dbea1632e1371.htm,https://assets.cai-media-management.com/resize/640x640/common-vehicle-media/b8da629e-b9d2-47b7-85fa-f14fd22e0551.jpg,2026-01-03T22:22:40.909788+00:00
KMHLP4DGXSU941714,KMHLP4DGXSU941714,KMHLP4DGXSU941714,H7113,2025,Elantra,Limited,NEW,1,24389.0,4241.0,https://www.clarkhyundai.com/new/Hyundai/2025-Hyundai-Elantra-b48385cdac1822adf8ada85686b30845.htm,https://assets.cai-media-management.com/resize/640x640/common-vehicle-media/e1f64a0b-c934-4f4a-a626-bf103be0bcad.jpg,2026-01-03T22:22:40.909788+00:00
KMHLM4DJ4SU177931,KMHLM4DJ4SU177931,KMHLM4DJ4SU177931,H7276,2025,Elantra Hybrid,Blue,NEW,1,22021.0,5284.0,https://www.clarkhyundai.com/new/Hyundai/2025-Hyundai-Elantra-Hybrid-b789272cac1850ce6cf4e5c1ba2c657d.htm,https://assets.cai-media-management.com/resize/640x640/common-vehicle-media/dad883c2-a09b-49b0-aabf-1a8b46e76167.jpg,2026-01-03T22:22:40.909788+00:00
KMHLM4DJ6TU190942,KMHLM4DJ6TU190942,KMHLM4DJ6TU190942,H7411,2026,Elantra Hybrid,Blue,NEW,1,25502.0,2303.0,https://www.clarkhyundai.com/new/Hyundai/2026-Hyundai-Elantra-Hybrid-2af6c2eeac184a361759ee3971cc034c.htm,https://assets.cai-media-management.com/resize/640x640/common-vehicle-media/1e52e158-47af-4a79-a8a9-f455ab855d22.jpg,2026-01-03T22:22:40.909788+00:00
KMHLN4DJ0SU179222,KMHLN4DJ0SU179222,KMHLN4DJ0SU179222,H7308,2025,Elantra Hybrid,Limited,NEW,1,26285.0,5440.0,https://www.clarkhyundai.com/new/Hyundai/2025-Hyundai-Elantra-Hybrid-3d6f95cdac184dd26bf9b2361e3427f4.htm,https://assets.cai-media-management.com/resize/640x640/common-vehicle-media/81b42dfd-fa8c-4d8d-92ff-255042dd7f22.jpg,2026-01-03T22:22:40.909788+00:00
KMHLN4DJ7SU176141,KMHLN4DJ7SU176141,KMHLN4DJ7SU176141,H7250,2025,Elantra Hybrid,Limited,NEW,1,26223.0,5432.0,https://www.clarkhyundai.com/new/Hyundai/2025-Hyundai-Elantra-Hybrid-133c6e40ac182f06d8c0b5bc04f6a658.htm,https://assets.cai-media-management.com/resize/640x640/common-vehicle-media/ee3ca566-922a-4599-9ff7-8fe5f5aa0083.jpg,2026-01-03T22:22:40.909788+00:00
KMHLW4DK6SU030156,KMHLW4DK6SU030156,KMHLW4DK6SU030156,H7375,2025,Elantra N,Base,NEW,1,36260.0,,https://www.clarkhyundai.com/new/Hyundai/2025-Hyundai-Elantra-N-9659916fac1844804ec99d1dc577fd24.htm,https://assets.cai-media-management.com/resize/640x640/common-vehicle-media/aef60e03-aea6-4266-9ad9-3e43df10993b.jpg,2026-01-03T22:22:40.909788+00:00
7YAKRDDC0TY044301,7YAKRDDC0TY044301,7YAKRDDC0TY044301,H7398,2026,IONIQ 5,Limited,NEW,1,50212.0,1523.0,https://www.clarkhyundai.com/new/Hyundai/2026-Hyundai-IONIQ-5-b886a91bac183899bac477c78ca22276.htm,https://assets.cai-media-management.com/resize/640x640/common-vehicle-media/3fd9d879-92cf-4393-b65c-2e94d36e4fe9.jpg,2026-01-03T22:22:40.909788+00:00
KM8KNDDF8RU310334,KM8KNDDF8RU310334,KM8KNDDF8RU310334,H6942,2024,IONIQ 5,SEL,NEW,1,41731.0,12079.0,https://www.clarkhyundai.com/new/Hyundai/2024-Hyundai-IONIQ-5-1b9505f0ac182d8d2ca1c1e8daa36a6b.htm,https://assets.cai-media-management.com/resize/640x640/common-vehicle-media/0ec22266-b607-456f-a362-707dcfa8b0be.jpg,2026-01-03T22:22:40.909788+00:00
KM8HACAB0TU392035,KM8HACAB0TU392035,KM8HACAB0TU392035,H7354,2026,Kona,SE,NEW,1,25954.0,3221.0,https://www.clarkhyundai.com/new/Hyundai/2026-Hyundai-Kona-c7ff656dac1825c50394eb00e5ae8b89.htm,https://assets.cai-media-management.com/resize/640x640/common-vehicle-media/86824d9b-55ef-403c-b01e-ddbf64b0a0d8.jpg,2026-01-03T22:22:40.909788+00:00
KM8HACAB6TU382433,KM8HACAB6TU382433,KM8HACAB6TU382433,H7315,2026,Kona,SE,NEW,1,25939.0,3221.0,https://www.clarkhyundai.com/new/Hyundai/2026-Hyundai-Kona-5c565a62ac18421df72c003fd4a2bfd1.htm,https://assets.cai-media-management.com/resize/640x640/common-vehicle-media/c1f747fa-e71a-4b30-920f-3301bf148129.jpg,2026-01-03T22:22:40.909788+00:00
KM8HACAB6TU391228,KM8HACAB6TU391228,KM8HACAB6TU391228,H7352,2026,Kona,SE,NEW,1,25954.0,3221.0,https://www.clarkhyundai.com/new/Hyundai/2026-Hyundai-Kona-c7ff6918ac180a328479f8352c3a8c97.htm,https://assets.cai-media-management.com/resize/640x640/common-vehicle-media/3f25de5e-3b21-49b4-a3c2-f664db405db1.jpg,2026-01-03T22:22:40.909788+00:00
KM8HACAB7TU391237,KM8HACAB7TU391237,KM8HACAB7TU391237,H7353,2026,Kona,SE,NEW,1,25930.0,3220.0,https://www.clarkhyundai.com/new/Hyundai/2026-Hyundai-Kona-c7ff7090ac183940af9ec96b85d21246.htm,https://assets.cai-media-management.com/resize/640x640/common-vehicle-media/faa6adac-5d06-49a7-897c-7e99c6547d4f.jpg,2026-01-03T22:22:40.909788+00:00
KM8HDCA31TU391105,KM8HDCA31TU391105,KM8HDCA31TU391105,H7356,2026,Kona,SEL Premium,NEW,1,28620.0,3740.0,https://www.clarkhyundai.com/new/Hyundai/2026-Hyundai-Kona-c7ff77c4ac185540a18f331624b4453e.htm,https://assets.cai-media-management.com/resize/640x640/common-vehicle-media/e82fc928-5640-457e-aae4-ea0f85a5c046.jpg,2026-01-03T22:22:40.909788+00:00
KM8HFCAB4TU344006,KM8HFCAB4TU344006,KM8HFCAB4TU344006,H7264,2026,Kona,SEL Sport,NEW,1,27133.0,3697.0,https://www.clarkhyundai.com/new/Hyundai/2026-Hyundai-Kona-268e3aecac1823af1312cfeb02c8053f.htm,https://assets.cai-media-management.com/resize/640x640/common-vehicle-media/15482814-9ac8-4595-936f-1c2517cbd591.jpg,2026-01-03T22:22:40.909788+00:00
KM8RJES24TU048335,KM8RJES24TU048335,KM8RJES24TU048335,H7289,2026,Palisade,XRT Pro,NEW,1,48886.0,3144.0,https://www.clarkhyundai.com/new/Hyundai/2026-Hyundai-Palisade-bcb0794bac182114930ff99402204eac.htm,https://assets.cai-media-management.com/resize/640x640/common-vehicle-media/204a2098-16c4-424c-8b49-2d4b22142c66.jpg,2026-01-03T22:22:40.909788+00:00
KM8RMES29TU070970,KM8RMES29TU070970,KM8RMES29TU070970,H7382,2026,Palisade,Calligraphy,NEW,1,54912.0,4743.0,https://www.clarkhyundai.com/new/Hyundai/2026-Hyundai-Palisade-9b847c66ac1809b98e56e4027e17ce9d.htm,https://assets.cai-media-management.com/resize/640x640/common-vehicle-media/68db3955-f6e7-401f-a841-80ec3cf11172.jpg,2026-01-03T22:22:40.909788+00:00
KM8RNES20TU073785,KM8RNES20TU073785,KM8RNES20TU073785,H7393,2026,Palisade,SEL Premium,NEW,1,47211.0,3389.0,https://www.clarkhyundai.com/new/Hyundai/2026-Hyundai-Palisade-bf8b8a79ac180759d81d476935dbdacc.htm,https://assets.cai-media-management.com/resize/640x640/common-vehicle-media/638a51ea-83f6-45fa-97e4-1d9a949e7f10.jpg,2026-01-03T22:22:40.909788+00:00
KM8RMESA0TU030171,KM8RMESA0TU030171,KM8RMESA0TU030171,H7332,2026,Palisade Hybrid,Calligraphy,NEW,1,60580.0,1000.0,https://www.clarkhyundai.com/new/Hyundai/2026-Hyundai-Palisade-Hybrid-99ba8507ac180b026b2a030f808a83ff.htm,https://assets.cai-media-management.com/resize/640x640/common-vehicle-media/2f3f06ff-4293-46b3-80df-95e642c43275.jpg,2026-01-03T22:22:40.909788+00:00
KM8RMESA8TU027423,KM8RMESA8TU027423,KM8RMESA8TU027423,HT7391,2026,Palisade Hybrid,Calligraphy,NEW,1,59395.0,1000.0,https://www.clarkhyundai.com/new/Hyundai/2026-Hyundai-Palisade-Hybrid-9b848721ac1838769195337fa52814fd.htm,https://assets.cai-media-management.com/resize/640x640/common-vehicle-media/d8ed4ef8-5b27-4556-9b65-9617b27aad47.jpg,2026-01-03T22:22:40.909788+00:00
5NTJCDDE0SH127248,5NTJCDDE0SH127248,5NTJCDDE0SH127248,H6998,2025,Santa Cruz,SEL,NEW,1,32699.0,4071.0,https://www.clarkhyundai.com/new/Hyundai/2025-Hyundai-Santa-Cruz-7ddeab1fac183c6d62f782f9eeffc006.htm,https://assets.cai-media-management.com/resize/640x640/common-vehicle-media/b9c2b127-69e1-41ec-a643-b65c62b5491f.jpg,2026-01-03T22:22:40.909788+00:00
5NTJCDDE9SH143805,5NTJCDDE9SH143805,5NTJCDDE9SH143805,H7190,2025,Santa Cruz,SEL,NEW,1,32817.0,4063.0,https://www.clarkhyundai.com/new/Hyundai/2025-Hyundai-Santa-Cruz-3cab8ce7ac183bcc1c8b2a5866ad28f4.htm,https://assets.cai-media-management.com/resize/640x640/common-vehicle-media/0e72f9ea-d121-4792-bcc4-b8b6ac1519ed.jpg,2026-01-03T22:22:40.909788+00:00
5NTJDDDF1TH168379,5NTJDDDF1TH168379,5NTJDDDF1TH168379,H7400,2026,Santa Cruz,XRT,NEW,1,41255.0,2665.0,https://www.clarkhyundai.com/new/Hyundai/2026-Hyundai-Santa-Cruz-bf8b8b7cac180c225c7cfa9471a745c7.htm,https://assets.cai-media-management.com/resize/640x640/common-vehicle-media/71e2e8a4-3696-4b92-bae0-c00f73622ca3.jpg,2026-01-03T22:22:40.909788+00:00
5NTJEDDF3TH164797,5NTJEDDF3TH164797,5NTJEDDF3TH164797,H7380,2026,Santa Cruz,Limited,NEW,1,43792.0,2763.0,https://www.clarkhyundai.com/new/Hyundai/2026-Hyundai-Santa-Cruz-f135e6cfac181f3f5066b3cb20af6db0.htm,https://assets.cai-media-management.com/resize/640x640/common-vehicle-media/eef879b0-dde1-471a-abd9-ae3b686f5987.jpg,2026-01-03T22:22:40.909788+00:00
5NTJEDDF9TH166800,5NTJEDDF9TH166800,5NTJEDDF9TH166800,H7384,2026,Santa Cruz,Limited,NEW,1,43217.0,2718.0,https://www.clarkhyundai.com/new/Hyundai/2026-Hyundai-Santa-Cruz-9b847f43ac181d083fdfe8a131150338.htm,https://assets.cai-media-management.com/resize/640x640/common-vehicle-media/9bd67d21-0f1c-4c4f-a9a3-6bf9324cce90.jpg,2026-01-03T22:22:40.909788+00:00
5NTJEDDFXTH164814,5NTJEDDFXTH164814,5NTJEDDFXTH164814,H7377,2026,Santa Cruz,Limited,NEW,1,43805.0,2945.0,https://www.clarkhyundai.com/new/Hyundai/2026-Hyundai-Santa-Cruz-f135e42aac185eebd5a42a45e5dce81e.htm,https://assets.cai-media-management.com/resize/640x640/common-vehicle-media/3536f251-00c3-4595-88de-ec3a4ba47e56.jpg,2026-01-03T22:22:40.909788+00:00
5NMP1DGL6TH168782,5NMP1DGL6TH168782,5NMP1DGL6TH168782,H7339,2026,Santa Fe,SE,NEW,1,34474.0,5206.0,https://www.clarkhyundai.com/new/Hyundai/2026-Hyundai-Santa-Fe-9ee10b89ac183d310e10b67d34ff5691.htm,https://assets.cai-media-management.com/resize/640x640/common-vehicle-media/b0698508-1b9d-44e7-969c-9429296eb6cf.jpg,2026-01-03T22:22:40.909788+00:00
5NMP1DGL8TH175796,5NMP1DGL8TH175796,5NMP1DGL8TH175796,H7374,2026,Santa Fe,SE,NEW,1,33861.0,5169.0,https://www.clarkhyundai.com/new/Hyundai/2026-Hyundai-Santa-Fe-1f8dc685ac184f4976ae1bd061d45db7.htm,https://assets.cai-media-management.com/resize/640x640/common-vehicle-media/720a9fa8-8b03-4072-96f1-0e31402e55a6.jpg,2026-01-03T22:22:40.909788+00:00
5NMP2DGL0TH174722,5NMP2DGL0TH174722,5NMP2DGL0TH174722,H7371,2026,Santa Fe,SEL,NEW,1,36276.0,5284.0,https://www.clarkhyundai.com/new/Hyundai/2026-Hyundai-Santa-Fe-05d7f8c5ac184f4976ae1bd0ca3b0d55.htm,https://assets.cai-media-management.com/resize/640x640/common-vehicle-media/436ce77a-6eeb-4997-8d97-483942db726e.jpg,2026-01-03T22:22:40.909788+00:00
5NMP2DGL0TH174994,5NMP2DGL0TH174994,5NMP2DGL0TH174994,H7368,2026,Santa Fe,SEL,NEW,1,36276.0,5284.0,https://www.clarkhyundai.com/new/Hyundai/2026-Hyundai-Santa-Fe-102d2740ac1803eacf52b0ffecb17415.htm,https://assets.cai-media-management.com/resize/640x640/common-vehicle-media/b902994a-c8e5-4da8-9351-9d3659b16519.jpg,2026-01-03T22:22:40.909788+00:00
5NMP2DGL5TH150948,5NMP2DGL5TH150948,5NMP2DGL5TH150948,H7242,2026,Santa Fe,SEL,NEW,1,36922.0,5343.0,https://www.clarkhyundai.com/new/Hyundai/2026-Hyundai-Santa-Fe-b0784629ac180032dfc838b60f9d872e.htm,https://assets.cai-media-management.com/resize/640x640/common-vehicle-media/7312eca8-8fd0-47c2-97dd-a779b5a8b34a.jpg,2026-01-03T22:22:40.909788+00:00
5NMP3DGL0TH153169,5NMP3DGL0TH153169,5NMP3DGL0TH153169,H7266,2026,Santa Fe,XRT,NEW,1,39322.0,5453.0,https://www.clarkhyundai.com/new/Hyundai/2026-Hyundai-Santa-Fe-3bf09cd2ac184320775b9d9ef05c66f9.htm,https://assets.cai-media-management.com/resize/640x640/common-vehicle-media/ffb8103e-c7c5-4689-b04d-081998bd8ea7.jpg,2026-01-03T22:22:40.909788+00:00
5NMP3DGL0TH171025,5NMP3DGL0TH171025,5NMP3DGL0TH171025,H7366,2026,Santa Fe,XRT,NEW,1,39050.0,5440.0,https://www.clarkhyundai.com/new/Hyundai/2026-Hyundai-Santa-Fe-c7ff6393ac184b304862c01e2f2d93bc.htm,https://assets.cai-media-management.com/resize/640x640/common-vehicle-media/ae1d59b2-9946-4ea9-a7ba-6757438d29ff.jpg,2026-01-03T22:22:40.909788+00:00
5NMP5DGL4TH181857,5NMP5DGL4TH181857,5NMP5DGL4TH181857,H7399,2026,Santa Fe,Calligraphy,NEW,1,46171.0,5829.0,https://www.clarkhyundai.com/new/Hyundai/2026-Hyundai-Santa-Fe-bf8b8cb5ac18169254c6a37297d7eb52.htm,https://assets.cai-media-management.com/resize/640x640/common-vehicle-media/349d1c94-1cf5-4bbe-89b0-d5924aba0c82.jpg,2026-01-03T22:22:40.909788+00:00
5NMP1DG12TH092833,5NMP1DG12TH092833,5NMP1DG12TH092833,H7317,2026,Santa Fe Hybrid,SE,NEW,1,34862.0,5488.0,https://www.clarkhyundai.com/new/Hyundai/2026-Hyundai-Santa-Fe-Hybrid-8a32985aac1819737b2830bba214cc8a.htm,https://assets.cai-media-management.com/resize/640x640/common-vehicle-media/346ac969-ec25-48fd-ac95-980c7aee3e38.jpg,2026-01-03T22:22:40.909788+00:00
5NMP1DG14TH087276,5NMP1DG14TH087276,5NMP1DG14TH087276,H7291,2026,Santa Fe Hybrid,SE,NEW,1,34786.0,5489.0,https://www.clarkhyundai.com/new/Hyundai/2026-Hyundai-Santa-Fe-Hybrid-04c9d1c5ac1818a251d11050a9af138d.htm,https://assets.cai-media-management.com/resize/640x640/common-vehicle-media/10d4cbc7-23fa-47c3-867c-421873e58781.jpg,2026-01-03T22:22:40.909788+00:00
5NMP1DG17TH079060,5NMP1DG17TH079060,5NMP1DG17TH079060,H7271,2026,Santa Fe Hybrid,SE,NEW,1,35225.0,5505.0,https://www.clarkhyundai.com/new/Hyundai/2026-Hyundai-Santa-Fe-Hybrid-8e571bb1ac1805fe4bf6e6e6ad5047fe.htm,https://assets.cai-media-management.com/resize/640x640/common-vehicle-media/6f3a3485-48ce-4350-b55b-80ab1a85f6f6.jpg,2026-01-03T22:22:40.909788+00:00
5NMP1DG18TH085174,5NMP1DG18TH085174,5NMP1DG18TH085174,H7292,2026,Santa Fe Hybrid,SE,NEW,1,34806.0,5489.0,https://www.clarkhyundai.com/new/Hyundai/2026-Hyundai-Santa-Fe-Hybrid-db960bf2ac181cf0de4a1953624dbb52.htm,https://assets.cai-media-management.com/resize/640x640/common-vehicle-media/f85f0cfa-7c9c-4862-96c1-1b8c29080fab.jpg,2026-01-03T22:22:40.909788+00:00
5NMP1DG1XTH093308,5NMP1DG1XTH093308,5NMP1DG1XTH093308,H7338,2026,Santa Fe Hybrid,SE,NEW,1,34824.0,5481.0,https://www.clarkhyundai.com/new/Hyundai/2026-Hyundai-Santa-Fe-Hybrid-a408aca0ac180a328479f83589a1af8d.htm,https://assets.cai-media-management.com/resize/640x640/common-vehicle-media/0b1864b6-a8e8-46ea-abff-5473fe7d264b.jpg,2026-01-03T22:22:40.909788+00:00
5NMP2DG11TH077382,5NMP2DG11TH077382,5NMP2DG11TH077382,H7286,2026,Santa Fe Hybrid,SEL,NEW,1,37081.0,5579.0,https://www.clarkhyundai.com/new/Hyundai/2026-Hyundai-Santa-Fe-Hybrid-8e571e92ac18386f41563893fa24fcf5.htm,https://assets.cai-media-management.com/resize/640x640/common-vehicle-media/2eac7df4-db5d-40f9-a721-079941e9cef7.jpg,2026-01-03T22:22:40.909788+00:00
5NMP2DG12TH073907,5NMP2DG12TH073907,5NMP2DG12TH073907,H7247,2026,Santa Fe Hybrid,SEL,NEW,1,37649.0,5611.0,https://www.clarkhyundai.com/new/Hyundai/2026-Hyundai-Santa-Fe-Hybrid-133c702cac183e5fa6a962c6c90ee171.htm,https://assets.cai-media-management.com/resize/640x640/common-vehicle-media/e57a34a8-eaf4-4950-908d-3d19d7f56a6a.jpg,2026-01-03T22:22:40.909788+00:00
5NMP2DG14TH085492,5NMP2DG14TH085492,5NMP2DG14TH085492,H7293,2026,Santa Fe Hybrid,SEL,NEW,1,37117.0,5578.0,https://www.clarkhyundai.com/new/Hyundai/2026-Hyundai-Santa-Fe-Hybrid-e0bceec7ac1805c330b79c99c7ae0a9d.htm,https://assets.cai-media-management.com/resize/640x640/common-vehicle-media/86cccc7e-609d-4e69-95d0-e16896704122.jpg,2026-01-03T22:22:40.909788+00:00
5NMP2DG14TH093186,5NMP2DG14TH093186,5NMP2DG14TH093186,H7330,2026,Santa Fe Hybrid,SEL,NEW,1,37065.0,5560.0,https://www.clarkhyundai.com/new/Hyundai/2026-Hyundai-Santa-Fe-Hybrid-99ba82c7ac1852aa8aee1317e4f8b7d5.htm,https://assets.cai-media-management.com/resize/640x640/common-vehicle-media/df2df1ae-1592-4619-ac82-271a28d2c7a6.jpg,2026-01-03T22:22:40.909788+00:00
5NMP2DG1XTH085013,5NMP2DG1XTH085013,5NMP2DG1XTH085013,H7294,2026,Santa Fe Hybrid,SEL,NEW,1,37056.0,5574.0,https://www.clarkhyundai.com/new/Hyundai/2026-Hyundai-Santa-Fe-Hybrid-d66fa18bac184a9b6e3800da4be07353.htm,https://assets.cai-media-management.com/resize/640x640/common-vehicle-media/b0ee1793-1753-4f76-a9ce-72f833b45d8f.jpg,2026-01-03T22:22:40.909788+00:00
KMHL54JC3TA536353,KMHL54JC3TA536353,KMHL54JC3TA536353,HT7408,2026,Sonata,N Line,NEW,1,34988.0,2717.0,https://www.clarkhyundai.com/new/Hyundai/2026-Hyundai-Sonata-bf8b894bac1856b0447776284fb8e334.htm,https://assets.cai-media-management.com/resize/640x640/common-vehicle-media/e968dba1-7cf5-4eff-857d-bc862c093481.jpg,2026-01-03T22:22:40.909788+00:00
KMHL34JJ7RA099728,KMHL34JJ7RA099728,KMHL34JJ7RA099728,H6967,2024,Sonata Hybrid,SEL,NEW,1,29657.0,3413.0,https://www.clarkhyundai.com/new/Hyundai/2024-Hyundai-Sonata-Hybrid-97862cdbac1852f5fa7d5da3bb3e037c.htm,https://assets.cai-media-management.com/resize/640x640/common-vehicle-media/3204f6c9-0325-4cec-921d-131a96716ca5.jpg,2026-01-03T22:22:40.909788+00:00
KMHL34JJ8SA108443,KMHL34JJ8SA108443,KMHL34JJ8SA108443,H7028,2025,Sonata Hybrid,SEL,NEW,1,29180.0,4000.0,https://www.clarkhyundai.com/new/Hyundai/2025-Hyundai-Sonata-Hybrid-03c8dc0bac184137139e77c381d1d2b6.htm,https://assets.cai-media-management.com/resize/640x640/common-vehicle-media/cef4c99a-b81f-47a8-8f93-4501eb03d3f2.jpg,2026-01-03T22:22:40.909788+00:00
5NMJACDE0TH643400,5NMJACDE0TH643400,5NMJACDE0TH643400,H7385,2026,Tucson,SE,NEW,1,29104.0,3916.0,https://www.clarkhyundai.com/new/Hyundai/2026-Hyundai-Tucson-009a14a9ac1803eacf52b0ff3f67793e.htm,https://assets.cai-media-management.com/resize/640x640/common-vehicle-media/8ee7ee1b-18b2-47a6-a8df-bfdf42b1c1ad.jpg,2026-01-03T22:22:40.909788+00:00
5NMJECDE2TH639935,5NMJECDE2TH639935,5NMJECDE2TH639935,H7369,2026,Tucson,Limited,NEW,1,38590.0,4745.0,https://www.clarkhyundai.com/new/Hyundai/2026-Hyundai-Tucson-e1d337aaac181c7e43060b9983565117.htm,https://assets.cai-media-management.com/resize/640x640/common-vehicle-media/278eb918-1815-4ec8-b89b-d7cc0c4bf2e8.jpg,2026-01-03T22:22:40.909788+00:00
5NMJECDE8TH635971,5NMJECDE8TH635971,5NMJECDE8TH635971,H7367,2026,Tucson,Limited,NEW,1,38632.0,4803.0,https://www.clarkhyundai.com/new/Hyundai/2026-Hyundai-Tucson-b886ad7cac1808b693b4732e9e3f2e7f.htm,https://assets.cai-media-management.com/resize/640x640/common-vehicle-media/bed41c12-b29f-492d-a019-3065bc290cd7.jpg,2026-01-03T22:22:40.909788+00:00
5NMJFCDE2TH649264,5NMJFCDE2TH649264,5NMJFCDE2TH649264,H7389,2026,Tucson,XRT,NEW,1,33092.0,4093.0,https://www.clarkhyundai.com/new/Hyundai/2026-Hyundai-Tucson-9b84842dac1838769195337f9c381230.htm,https://assets.cai-media-management.com/resize/640x640/common-vehicle-media/85f08dd4-6284-4b4f-91e4-9774adca89b8.jpg,2026-01-03T22:22:40.909788+00:00
5NMJFCDE3TH649094,5NMJFCDE3TH649094,5NMJFCDE3TH649094,H7394,2026,Tucson,XRT,NEW,1,33509.0,4131.0,https://www.clarkhyundai.com/new/Hyundai/2026-Hyundai-Tucson-bf8b87ecac1838763a0a5cd762f1dd65.htm,https://assets.cai-media-management.com/resize/640x640/common-vehicle-media/b3e6ee35-2644-49bb-9ea3-d906fa320fa8.jpg,2026-01-03T22:22:40.909788+00:00
KM8JEDD10TU406563,KM8JEDD10TU406563,KM8JEDD10TU406563,H7325,2026,Tucson Hybrid,Limited,NEW,1,40075.0,4395.0,https://www.clarkhyundai.com/new/Hyundai/2026-Hyundai-Tucson-Hybrid-ae485efcac1852aa8aee1317e0a458f9.htm,https://assets.cai-media-management.com/resize/640x640/common-vehicle-media/53c67377-db15-4cc8-9d4b-cbd5a40b071c.jpg,2026-01-03T22:22:40.909788+00:00
KM8JEDD10TU427719,KM8JEDD10TU427719,KM8JEDD10TU427719,H7410,2026,Tucson Hybrid,Limited,NEW,1,40035.0,4415.0,https://www.clarkhyundai.com/new/Hyundai/2026-Hyundai-Tucson-Hybrid-2af6c58dac180f634167ef8a9621dc09.htm,https://assets.cai-media-management.com/resize/640x640/common-vehicle-media/4cbafbbf-0880-4359-b533-1cbfd8dab19b.jpg,2026-01-03T22:22:40.909788+00:00
KM8JEDD14TU409935,KM8JEDD14TU409935,KM8JEDD14TU409935,H7346,2026,Tucson Hybrid,Limited,NEW,1,40075.0,4395.0,https://www.clarkhyundai.com/new/Hyundai/2026-Hyundai-Tucson-Hybrid-8a32aa49ac1852aa8aee1317089ed337.htm,https://assets.cai-media-management.com/resize/640x640/common-vehicle-media/908e9bc4-491a-426b-a8e1-9333f883b96e.jpg,2026-01-03T22:22:40.909788+00:00
KMHRC8A35TU426894,KMHRC8A35TU426894,KMHRC8A35TU426894,H7342,2026,Venue,SEL,NEW,1,24518.0,597.0,https://www.clarkhyundai.com/new/Hyundai/2026-Hyundai-Venue-8a32b832ac185b1b36bfacc9328bcdb7.htm,https://assets.cai-media-management.com/resize/640x640/common-vehicle-media/62efdeb7-61a9-43d8-a612-de88ac3757fa.jpg,2026-01-03T22:22:40.909788+00:00
KMHRC8A35TU439323,KMHRC8A35TU439323,KMHRC8A35TU439323,H7405,2026,Venue,SEL,NEW,1,24456.0,594.0,https://www.clarkhyundai.com/new/Hyundai/2026-Hyundai-Venue-2af6ca44ac182ac7cb1327f01407617a.htm,https://assets.cai-media-management.com/resize/640x640/common-vehicle-media/8f185dc0-e8e9-4114-bfd0-c11801af441c.jpg,2026-01-03T22:22:40.909788+00:00
1C6RR7NM5HS877415,1C6RR7NM5HS877415,1C6RR7NM5HS877415,HU5176,2017,1500,Laramie,USED,1,25325.0,2670.0,https://www.clarkhyundai.com/used/Ram/2017-Ram-1500-ac2d1b4fac180c4ef1f8d829c6e8d1af.htm,https://assets.cai-media-management.com/resize/640x640/common-vehicle-media/2c5ddf7e-d342-4b63-922e-a05e62144aee.jpg,2026-01-03T22:22:40.909788+00:00
1C6RR7PT3ES387734,1C6RR7PT3ES387734,1C6RR7PT3ES387734,HU5136A,2014,1500,Laramie Longhorn,USED,1,22166.0,2829.0,https://www.clarkhyundai.com/used/Ram/2014-Ram-1500-b0043599ac18169254c6a372b9f5fa23.htm,https://assets.cai-media-management.com/resize/640x640/common-vehicle-media/8f12b45b-5eb8-4ac0-9556-c33c5ce0dbd5.jpg,2026-01-03T22:22:40.909788+00:00
1C6SRFKT6RN122278,1C6SRFKT6RN122278,1C6SRFKT6RN122278,HU5162,2024,1500,Laramie Longhorn,USED,1,47940.0,7475.0,https://www.clarkhyundai.com/used/Ram/2024-Ram-1500-a4c7ee3cac1819737b2830bbd407d4cc.htm,https://assets.cai-media-management.com/resize/640x640/common-vehicle-media/51c08248-51a8-4864-a4be-cf6cb6dabc2c.jpg,2026-01-03T22:22:40.909788+00:00
1GKKNXLSXMZ110673,1GKKNXLSXMZ110673,1GKKNXLSXMZ110673,H7365A,2021,Acadia,Denali,USED,1,34785.0,4210.0,https://www.clarkhyundai.com/used/GMC/2021-GMC-Acadia-294ece42ac181209c8a7ba7d1de4c18e.htm,https://assets.cai-media-management.com/resize/640x640/common-vehicle-media/0825b164-04f5-49ed-8147-302eb67de004.jpg,2026-01-03T22:22:40.909788+00:00
3GNKBJR49RS207305,3GNKBJR49RS207305,3GNKBJR49RS207305,H7170A,2024,Blazer,LT,USED,1,29887.0,2623.0,https://www.clarkhyundai.com/used/Chevrolet/2024-Chevrolet-Blazer-0c8b3e43ac1839ffd61117da82212d32.htm,https://assets.cai-media-management.com/resize/640x640/common-vehicle-media/22b6806c-201c-4c84-91bd-bab56da23d1d.jpg,2026-01-03T22:22:40.909788+00:00
2HKRS4H74RH445464,2HKRS4H74RH445464,2HKRS4H74RH445464,HU5161A,2024,CR-V,EX-L,USED,1,31881.0,4114.0,https://www.clarkhyundai.com/used/Honda/2024-Honda-CR-V-fd16fb49ac184236e10863afeb6f68ff.htm,https://assets.cai-media-management.com/resize/640x640/common-vehicle-media/3f73e41e-e038-4238-9e33-de909aca459a.jpg,2026-01-03T22:22:40.909788+00:00
2G1FS1EW1A9134085,2G1FS1EW1A9134085,2G1FS1EW1A9134085,HU5180A,2010,Camaro,SS,USED,1,23215.0,,https://www.clarkhyundai.com/used/Chevrolet/2010-Chevrolet-Camaro-6389bab1ac1829ba410fbf794600d715.htm,https://assets.cai-media-management.com/resize/640x640/common-vehicle-media/8ba9d006-e227-40e5-b7c3-11c2f0c4aeea.jpg,2026-01-03T22:22:40.909788+00:00
4T1BF1FK8HU775930,4T1BF1FK8HU775930,4T1BF1FK8HU775930,H7085D,2017,Camry,SE,USED,1,18754.0,3241.0,https://www.clarkhyundai.com/used/Toyota/2017-Toyota-Camry-1772002aac184a361759ee390d2a96e0.htm,https://assets.cai-media-management.com/resize/640x640/common-vehicle-media/f527af4e-82ca-4bab-b820-4042e6a5cfe1.jpg,2026-01-03T22:22:40.909788+00:00
3C4NJDCN8RT125376,3C4NJDCN8RT125376,3C4NJDCN8RT125376,HU5114,2024,Compass,Limited,USED,1,23995.0,4755.0,https://www.clarkhyundai.com/used/Jeep/2024-Jeep-Compass-cd111d40ac18472d539c0d0a248afc4c.htm,https://assets.cai-media-management.com/resize/640x640/common-vehicle-media/24767cfe-b5a3-413c-a617-234e3e98da68.jpg,2026-01-03T22:22:40.909788+00:00
KNDC3DLC1N5053267,KNDC3DLC1N5053267,KNDC3DLC1N5053267,H7336A,2022,EV6,Wind,USED,1,24737.0,2258.0,https://www.clarkhyundai.com/used/Kia/2022-Kia-EV6-b0043449ac18169254c6a372645c81a2.htm,https://assets.cai-media-management.com/resize/640x640/common-vehicle-media/7517f166-49a0-4934-a362-8c0346597191.jpg,2026-01-03T22:22:40.909788+00:00
KMHLM4DG1RU837695,KMHLM4DG1RU837695,KMHLM4DG1RU837695,H7267A,2024,Elantra,SEL,USED,1,20923.0,2072.0,https://www.clarkhyundai.com/used/Hyundai/2024-Hyundai-Elantra-f7ef5d31ac185b829147d6b393fb0fc1.htm,https://assets.cai-media-management.com/resize/640x640/common-vehicle-media/20bb6f48-3ca5-4640-994b-3b0397f1151f.jpg,2026-01-03T22:22:40.909788+00:00
1FMJK2AT8LEA94733,1FMJK2AT8LEA94733,1FMJK2AT8LEA94733,HU5157A,2020,Expedition Max,Limited,USED,1,29888.0,,https://www.clarkhyundai.com/used/Ford/2020-Ford-Expedition-Max-7c003b5dac183d2e080a2562c12985ef.htm,https://assets.cai-media-management.com/resize/640x640/common-vehicle-media/f86e2c65-d922-4a8c-84f5-5756bc6385b3.jpg,2026-01-03T22:22:40.909788+00:00
JF2SKAEC7NH403026,JF2SKAEC7NH403026,JF2SKAEC7NH403026,HU5169,2022,Forester,Premium,USED,1,21754.0,4241.0,https://www.clarkhyundai.com/used/Subaru/2022-Subaru-Forester-81c46e3bac18082e9316a3d99d40b643.htm,https://assets.cai-media-management.com/resize/640x640/common-vehicle-media/56816acd-4cff-46c0-acd1-69da4ef4769b.jpg,2026-01-03T22:22:40.909788+00:00
JF2SKAJC0RH515226,JF2SKAJC0RH515226,JF2SKAJC0RH515226,H7359A,2024,Forester,Wilderness,USED,1,33460.0,,https://www.clarkhyundai.com/used/Subaru/2024-Subaru-Forester-5d1a62daac185a88a5c1d8543a0f19ec.htm,https://assets.cai-media-management.com/resize/640x640/common-vehicle-media/c977820c-e5be-4129-be8a-ecf171562ca7.jpg,2026-01-03T22:22:40.909788+00:00
WVW9A7CD7PW211019,WVW9A7CD7PW211019,WVW9A7CD7PW211019,HU5155A,2023,Golf GTI,2.0T 40th Anniversary Edition,USED,1,28808.0,3402.0,https://www.clarkhyundai.com/used/Volkswagen/2023-Volkswagen-Golf-GTI-2eed9851ac18187f2a93c927c8a3905c.htm,https://assets.cai-media-management.com/resize/640x640/common-vehicle-media/4d3ee7e5-6d38-4f7c-afa7-f80cd89fc771.jpg,2026-01-03T22:22:40.909788+00:00
3CZRZ2H71PM728017,3CZRZ2H71PM728017,3CZRZ2H71PM728017,HU5167,2023,HR-V,EX-L,USED,1,23991.0,2889.0,https://www.clarkhyundai.com/used/Honda/2023-Honda-HR-V-34124638ac182f20c6a6465afcc30374.htm,https://assets.cai-media-management.com/resize/640x640/common-vehicle-media/891099b7-2bf9-430f-a4c4-58083f8be3ba.jpg,2026-01-03T22:22:40.909788+00:00
5TDBBRCH9NS546406,5TDBBRCH9NS546406,5TDBBRCH9NS546406,H7231B,2022,Highlander Hybrid,LE,USED,1,30402.0,5473.0,https://www.clarkhyundai.com/used/Toyota/2022-Toyota-Highlander-Hybrid-fa7cb9ffac182cddb86dbea12b2838bf.htm,https://assets.cai-media-management.com/resize/640x640/common-vehicle-media/694217a1-c28d-44a7-b343-69fb6850907f.jpg,2026-01-03T22:22:40.909788+00:00
KMHM54AC4PA026569,KMHM54AC4PA026569,KMHM54AC4PA026569,HR131,2023,IONIQ 6,Limited,USED,1,29999.0,21052.0,https://www.clarkhyundai.com/certified/Hyundai/2023-Hyundai-IONIQ-6-db122efdac1819ea45fce80cef74fd4c.htm,https://assets.cai-media-management.com/resize/640x640/common-vehicle-media/81cc8af2-ce8a-4b8f-9328-f447989604d9.jpg,2026-01-03T22:22:40.909788+00:00
JN8AF5MV9FT553568,JN8AF5MV9FT553568,JN8AF5MV9FT553568,HU5142B,2015,Juke,SV,USED,1,10998.0,2997.0,https://www.clarkhyundai.com/used/Nissan/2015-Nissan-Juke-550e1cb3ac183018db4fd2a109357544.htm,https://assets.cai-media-management.com/resize/640x640/common-vehicle-media/a12b5219-f829-4af0-a14f-180110959294.jpg,2026-01-03T22:22:40.909788+00:00
KM8HACA31RU089668,KM8HACA31RU089668,KM8HACA31RU089668,H7388A,2024,Kona,N Line,USED,1,24941.0,,https://www.clarkhyundai.com/used/Hyundai/2024-Hyundai-Kona-03b30570ac185c59601928bff31fee3f.htm,https://assets.cai-media-management.com/resize/640x640/common-vehicle-media/e567eb35-79b9-4e57-be96-d03bac920367.jpg,2026-01-03T22:22:40.909788+00:00
KM8K1CAAXKU306399,KM8K1CAAXKU306399,KM8K1CAAXKU306399,HU5184,2019,Kona,SE,USED,1,13355.0,,https://www.clarkhyundai.com/used/Hyundai/2019-Hyundai-Kona-4881043eac18507ad3597c1a7e5c71fc.htm,https://assets.cai-media-management.com/resize/640x640/common-vehicle-media/6a9bc522-4af3-451e-a4cc-04112e380ce5.jpg,2026-01-03T22:22:40.909788+00:00
KM8K53AG2PU179163,KM8K53AG2PU179163,KM8K53AG2PU179163,HR141,2023,Kona Electric,Limited,USED,1,26812.0,15083.0,https://www.clarkhyundai.com/certified/Hyundai/2023-Hyundai-Kona-Electric-c6fc85deac183fbf9794dc8f7c377369.htm,https://assets.cai-media-management.com/resize/640x640/common-vehicle-media/6c57eed8-2e58-4b73-8dcf-67085a8bc51b.jpg,2026-01-03T22:22:40.909788+00:00
KM8K53AG4PU179214,KM8K53AG4PU179214,KM8K53AG4PU179214,HR142,2023,Kona Electric,Limited,USED,1,26832.0,16063.0,https://www.clarkhyundai.com/certified/Hyundai/2023-Hyundai-Kona-Electric-89301840ac180ae35e27a6417fed82a7.htm,https://assets.cai-media-management.com/resize/640x640/common-vehicle-media/728aa946-9613-4cb6-ab21-efc928859503.jpg,2026-01-03T22:22:40.909788+00:00
KM8K53AG4PU179228,KM8K53AG4PU179228,KM8K53AG4PU179228,HR143,2023,Kona Electric,Limited,USED,1,26592.0,14203.0,https://www.clarkhyundai.com/certified/Hyundai/2023-Hyundai-Kona-Electric-c6fc8af9ac183212cf91d13522fbb3da.htm,https://assets.cai-media-management.com/resize/640x640/common-vehicle-media/e7038be1-1856-4230-a9fc-21992cb0cf4d.jpg,2026-01-03T22:22:40.909788+00:00
1G4ZS5SS7HU182874,1G4ZS5SS7HU182874,1G4ZS5SS7HU182874,H7335A,2017,LaCrosse,Premium I Group,USED,1,15275.0,4720.0,https://www.clarkhyundai.com/used/Buick/2017-Buick-Lacrosse-f7ef5836ac1839ffd61117da25ecb927.htm,https://assets.cai-media-management.com/resize/640x640/common-vehicle-media/1fa9a1e4-3943-40b7-8866-59321c2aa90b.jpg,2026-01-03T22:22:40.909788+00:00
3A4FY48BX7T620815,3A4FY48BX7T620815,3A4FY48BX7T620815,HU5182,2007,PT Cruiser,Base,USED,1,6750.0,3245.0,https://www.clarkhyundai.com/used/Chrysler/2007-Chrysler-PT-Cruiser-34c3ed70ac185a88a5c1d8544db2916d.htm,https://assets.cai-media-management.com/resize/640x640/common-vehicle-media/dec44ac3-7b9c-4fe2-b06c-28517e56f059.jpg,2026-01-03T22:22:40.909788+00:00
KM8R3DGE7SU832630,KM8R3DGE7SU832630,KM8R3DGE7SU832630,H6982,2025,Palisade,XRT,USED,1,41934.0,2224.0,https://www.clarkhyundai.com/used/Hyundai/2025-Hyundai-Palisade-840deafaac180dbcfa3732a120d92733.htm,https://assets.cai-media-management.com/resize/640x640/common-vehicle-media/bff077fd-5f68-4c7d-914e-e808a2379fea.jpg,2026-01-03T22:22:40.909788+00:00
KM8R4DGE5PU520830,KM8R4DGE5PU520830,KM8R4DGE5PU520830,H7301A,2023,Palisade,SEL,USED,1,33973.0,3735.0,https://www.clarkhyundai.com/used/Hyundai/2023-Hyundai-Palisade-e8193831ac181130ee82a345c70f92ba.htm,https://assets.cai-media-management.com/resize/640x640/common-vehicle-media/7cedab29-7296-47af-9559-22ace856cae0.jpg,2026-01-03T22:22:40.909788+00:00
KM8R7DGE6PU519502,KM8R7DGE6PU519502,KM8R7DGE6PU519502,HT7321A,2023,Palisade,Calligraphy,USED,1,34785.0,4210.0,https://www.clarkhyundai.com/used/Hyundai/2023-Hyundai-Palisade-a15b0accac181b2c495c0a90132dc22c.htm,https://assets.cai-media-management.com/resize/640x640/common-vehicle-media/d00f45ef-6050-438b-ae38-7579360f66e6.jpg,2026-01-03T22:22:40.909788+00:00
KM8RMES2XTU026542,KM8RMES2XTU026542,KM8RMES2XTU026542,H7334A,2026,Palisade,Calligraphy,USED,1,54500.0,3495.0,https://www.clarkhyundai.com/used/Hyundai/2026-Hyundai-Palisade-508a810aac182f0f02249947c911736d.htm,https://assets.cai-media-management.com/resize/640x640/common-vehicle-media/829f9ee3-ec96-4912-a76c-6a3f134c4d1b.jpg,2026-01-03T22:22:40.909788+00:00
WA1DGAFP0EA095081,WA1DGAFP0EA095081,WA1DGAFP0EA095081,H7078B,2014,Q5,3.0T Premium Plus,USED,1,11670.0,2325.0,https://www.clarkhyundai.com/used/Audi/2014-Audi-Q5-e8a989deac1838763a0a5cd792ef69ff.htm,https://assets.cai-media-management.com/resize/640x640/common-vehicle-media/851938db-69e0-4ae6-a38f-a67165e0f578.jpg,2026-01-03T22:22:40.909788+00:00
5FPYK3F6XKB035926,5FPYK3F6XKB035926,5FPYK3F6XKB035926,H7312A,2019,Ridgeline,RTL-T,USED,1,23420.0,3575.0,https://www.clarkhyundai.com/used/Honda/2019-Honda-Ridgeline-4380f153ac18148bb81f2431965cf2fd.htm,https://assets.cai-media-management.com/resize/640x640/common-vehicle-media/e8466aeb-890d-4c1b-94ce-8c44490fd10d.jpg,2026-01-03T22:22:40.909788+00:00
JN8AT3DC6MW104727,JN8AT3DC6MW104727,JN8AT3DC6MW104727,HU5139A,2021,Rogue,Platinum,USED,1,21769.0,,https://www.clarkhyundai.com/used/Nissan/2021-Nissan-Rogue-6240686bac181d308972908bba551c04.htm,https://assets.cai-media-management.com/resize/640x640/common-vehicle-media/b1b8f7cc-0a8b-409b-8b09-26ed01f778eb.jpg,2026-01-03T22:22:40.909788+00:00
5NTJDDDF5RH115399,5NTJDDDF5RH115399,5NTJDDDF5RH115399,H6874,2024,Santa Cruz,XRT,USED,1,34371.0,2624.0,https://www.clarkhyundai.com/used/Hyundai/2024-Hyundai-Santa-Cruz-840de658ac180cd30b5fcba1aa73c732.htm,https://assets.cai-media-management.com/resize/640x640/common-vehicle-media/005bdef5-d737-4ca8-a729-bb82bd718e09.jpg,2026-01-03T22:22:40.909788+00:00
5NTJEDDF9RH105357,5NTJEDDF9RH105357,5NTJEDDF9RH105357,H7213B,2024,Santa Cruz,Limited,USED,1,32983.0,3012.0,https://www.clarkhyundai.com/used/Hyundai/2024-Hyundai-Santa-Cruz-df38bb61ac182e57c45c6b82a4c2090c.htm,https://assets.cai-media-management.com/resize/640x640/common-vehicle-media/d67840bc-6a72-40a2-b5de-899fa7c29676.jpg,2026-01-03T22:22:40.909788+00:00
5NMS2DAJ4NH406307,5NMS2DAJ4NH406307,5NMS2DAJ4NH406307,H7253A,2022,Santa Fe,SEL,USED,1,22826.0,3169.0,https://www.clarkhyundai.com/used/Hyundai/2022-Hyundai-Santa-Fe-124cbf37ac182ac7cb1327f036a7f900.htm,https://assets.cai-media-management.com/resize/640x640/common-vehicle-media/4eaa8009-a60c-48f4-b5c1-038a99df6147.jpg,2026-01-03T22:22:40.909788+00:00
5NMS2DAJ8PH495236,5NMS2DAJ8PH495236,5NMS2DAJ8PH495236,H7323A,2023,Santa Fe,SEL,USED,1,22915.0,3865.0,https://www.clarkhyundai.com/used/Hyundai/2023-Hyundai-Santa-Fe-3ec6ac16ac182c424423eb1b93a2cb2b.htm,https://assets.cai-media-management.com/resize/640x640/common-vehicle-media/2c0791d6-1afd-46d1-9b78-9cb273fe4d1e.jpg,2026-01-03T22:22:40.909788+00:00
5NMS4DAL8NH448006,5NMS4DAL8NH448006,5NMS4DAL8NH448006,H7390A,2022,Santa Fe,Limited,USED,1,27747.0,,https://www.clarkhyundai.com/used/Hyundai/2022-Hyundai-Santa-Fe-3e348756ac18507ad3597c1a6f0080f1.htm,https://assets.cai-media-management.com/resize/640x640/common-vehicle-media/3b21b498-c500-4034-b508-28b736269fd8.jpg,2026-01-03T22:22:40.909788+00:00
KNDERCAAXR7472103,KNDERCAAXR7472103,KNDERCAAXR7472103,H7298A,2024,Seltos,EX,USED,1,17702.0,5293.0,https://www.clarkhyundai.com/used/Kia/2024-Kia-Seltos-0dff5f63ac1812cce07b82b3f3e822f6.htm,https://assets.cai-media-management.com/resize/640x640/common-vehicle-media/f640b684-91d6-41b3-b937-0b1affd885b9.jpg,2026-01-03T22:22:40.909788+00:00
3N1AB7AP7HY310766,3N1AB7AP7HY310766,3N1AB7AP7HY310766,H7270C,2017,Sentra,SV,USED,1,6628.0,3367.0,https://www.clarkhyundai.com/used/Nissan/2017-Nissan-Sentra-1c97a9f6ac185da51ad5ea69999b4ad5.htm,https://assets.cai-media-management.com/resize/640x640/common-vehicle-media/dbb8f913-8867-4cee-8c8e-32832e22dbb4.jpg,2026-01-03T22:22:40.909788+00:00
3GTUUDED1NG504908,3GTUUDED1NG504908,3GTUUDED1NG504908,HU5178,2022,Sierra 1500,SLT,USED,1,42212.0,3783.0,https://www.clarkhyundai.com/used/GMC/2022-GMC-Sierra-1500-c49e05b6ac180759d81d4769d2b96af8.htm,https://assets.cai-media-management.com/resize/640x640/common-vehicle-media/ebc27b07-fe81-493c-9205-0a762cd597b6.jpg,2026-01-03T22:22:40.909788+00:00
1GT49WEY5RF185102,1GT49WEY5RF185102,1GT49WEY5RF185102,H7324A,2024,Sierra 3500HD,Denali,USED,1,69246.0,6295.0,https://www.clarkhyundai.com/used/GMC/2024-GMC-Sierra-3500HD-c394ebfdac182f85e9d0168df1e5104e.htm,https://assets.cai-media-management.com/resize/640x640/common-vehicle-media/a57a0b45-c21b-4937-bacb-aa53e65c0da3.jpg,2026-01-03T22:22:40.909788+00:00
1GCUDJET3NZ606944,1GCUDJET3NZ606944,1GCUDJET3NZ606944,HU5172,2022,Silverado 1500,High Country,USED,1,46800.0,3195.0,https://www.clarkhyundai.com/used/Chevrolet/2022-Chevrolet-Silverado-1500-77630b09ac1838766a4f315b5ea92000.htm,https://assets.cai-media-management.com/resize/640x640/common-vehicle-media/e4655ae2-11e7-4759-bed3-afcf59e58060.jpg,2026-01-03T22:22:40.909788+00:00
5NPET4AC2AH613836,5NPET4AC2AH613836,5NPET4AC2AH613836,H7063A,2010,Sonata,GLS,USED,1,9982.0,4013.0,https://www.clarkhyundai.com/used/Hyundai/2010-Hyundai-Sonata-1a541966ac181ed93e122575d43766fa.htm,https://assets.cai-media-management.com/resize/640x640/common-vehicle-media/5dfde2a7-eb34-4dfc-9adb-1979566175cc.jpg,2026-01-03T22:22:40.909788+00:00
KMHL64JA2RA411932,KMHL64JA2RA411932,KMHL64JA2RA411932,H6931,2024,Sonata,SEL AWD,USED,1,26742.0,5008.0,https://www.clarkhyundai.com/used/Hyundai/2024-Hyundai-Sonata-9dc9d18bac18223677c81cdb5346ddde.htm,https://assets.cai-media-management.com/resize/640x640/common-vehicle-media/4e62dd6e-ccb1-4625-9c5d-55c58860d4a1.jpg,2026-01-03T22:22:40.909788+00:00
5XYRKDLF3NG146273,5XYRKDLF3NG146273,5XYRKDLF3NG146273,H7364B,2022,Sorento,X-Line SX Prestige,USED,1,29991.0,3004.0,https://www.clarkhyundai.com/used/Kia/2022-Kia-Sorento-8c6f1570ac184139808537141b13d37f.htm,https://assets.cai-media-management.com/resize/640x640/common-vehicle-media/0a7a52e2-216d-41b1-b043-92d9c2dc70d6.jpg,2026-01-03T22:22:40.909788+00:00
KNDJ23AU3L7017629,KNDJ23AU3L7017629,KNDJ23AU3L7017629,HU5159A,2020,Soul,S,USED,1,12503.0,1492.0,https://www.clarkhyundai.com/used/Kia/2020-Kia-Soul-bc088d40ac184088e8b0dbce85c9ebae.htm,https://assets.cai-media-management.com/resize/640x640/common-vehicle-media/cf4e86b9-c6e6-4b93-abd8-7a4e38959b5d.jpg,2026-01-03T22:22:40.909788+00:00
KNDPVCDF7R7222720,KNDPVCDF7R7222720,KNDPVCDF7R7222720,HU5158,2024,Sportage,EX,USED,1,24176.0,2819.0,https://www.clarkhyundai.com/used/Kia/2024-Kia-Sportage-66a2aea3ac181c7ea8bbb8375ac0d28e.htm,https://assets.cai-media-management.com/resize/640x640/common-vehicle-media/b3c11b20-d66a-4b48-9eda-45c8803b59b3.jpg,2026-01-03T22:22:40.909788+00:00
3VV2B7AX7RM052972,3VV2B7AX7RM052972,3VV2B7AX7RM052972,H7155A,2024,Tiguan,2.0T SE,USED,1,25999.0,1996.0,https://www.clarkhyundai.com/used/Volkswagen/2024-Volkswagen-Tiguan-ba53bcf2ac1858654ca7e31ed7597ddd.htm,https://assets.cai-media-management.com/resize/640x640/common-vehicle-media/d4374de2-5625-46fb-8aad-da030712a9c6.jpg,2026-01-03T22:22:40.909788+00:00
3KMJACDE1SE015414,3KMJACDE1SE015414,3KMJACDE1SE015414,H7114,2025,Tucson,SE,USED,1,28492.0,4078.0,https://www.clarkhyundai.com/used/Hyundai/2025-Hyundai-Tucson-840ddf80ac1840dcad39beed6824c398.htm,https://assets.cai-media-management.com/resize/640x640/common-vehicle-media/313f4bc0-0549-4bd8-b9f0-ca8f62e8187d.jpg,2026-01-03T22:22:40.909788+00:00
5NMJECAE6NH102024,5NMJECAE6NH102024,5NMJECAE6NH102024,H7316A,2022,Tucson,Limited,USED,1,28386.0,3609.0,https://www.clarkhyundai.com/used/Hyundai/2022-Hyundai-Tucson-77630c3fac181d08151844fb134a95c2.htm,https://assets.cai-media-management.com/resize/640x640/common-vehicle-media/9eda74e4-2325-4ce4-90d4-ff293fa6e847.jpg,2026-01-03T22:22:40.909788+00:00
KMHTC6AD9GU248206,KMHTC6AD9GU248206,KMHTC6AD9GU248206,HU5183,2016,Veloster,Base,USED,1,16753.0,,https://www.clarkhyundai.com/used/Hyundai/2016-Hyundai-Veloster-33f828fdac181209c8a7ba7d38fdef39.htm,https://assets.cai-media-management.com/resize/640x640/common-vehicle-media/b54f6deb-a9d4-4ed5-8881-b6707c14a705.jpg,2026-01-03T22:22:40.909788+00:00
